actor	direction	frames	unique_rendered_frames
class_knight	down	32	32
class_knight	down_left	32	32
class_knight	left	32	32
class_knight	up_left	32	32
class_knight	up	32	32
class_knight	up_right	32	32
class_knight	right	32	32
class_knight	down_right	32	32
class_mage	down	32	32
class_mage	down_left	32	32
class_mage	left	32	32
class_mage	up_left	32	32
class_mage	up	32	32
class_mage	up_right	32	32
class_mage	right	32	32
class_mage	down_right	32	32
class_ranger	down	32	32
class_ranger	down_left	32	32
class_ranger	left	32	32
class_ranger	up_left	32	32
class_ranger	up	32	32
class_ranger	up_right	32	32
class_ranger	right	32	32
class_ranger	down_right	32	32
class_cleric	down	32	32
class_cleric	down_left	32	32
class_cleric	left	32	32
class_cleric	up_left	32	32
class_cleric	up	32	32
class_cleric	up_right	32	32
class_cleric	right	32	32
class_cleric	down_right	32	32
class_rogue	down	32	32
class_rogue	down_left	32	32
class_rogue	left	32	32
class_rogue	up_left	32	32
class_rogue	up	32	32
class_rogue	up_right	32	32
class_rogue	right	32	32
class_rogue	down_right	32	32
npc_aria	down	32	32
npc_aria	down_left	32	32
npc_aria	left	32	32
npc_aria	up_left	32	32
npc_aria	up	32	32
npc_aria	up_right	32	32
npc_aria	right	32	32
npc_aria	down_right	32	32
npc_calder	down	32	32
npc_calder	down_left	32	32
npc_calder	left	32	32
npc_calder	up_left	32	32
npc_calder	up	32	32
npc_calder	up_right	32	32
npc_calder	right	32	32
npc_calder	down_right	32	32
npc_cassia	down	32	32
npc_cassia	down_left	32	32
npc_cassia	left	32	32
npc_cassia	up_left	32	32
npc_cassia	up	32	32
npc_cassia	up_right	32	32
npc_cassia	right	32	32
npc_cassia	down_right	32	32
npc_lyra	down	32	32
npc_lyra	down_left	32	32
npc_lyra	left	32	32
npc_lyra	up_left	32	32
npc_lyra	up	32	32
npc_lyra	up_right	32	32
npc_lyra	right	32	32
npc_lyra	down_right	32	32
npc_maera	down	32	32
npc_maera	down_left	32	32
npc_maera	left	32	32
npc_maera	up_left	32	32
npc_maera	up	32	32
npc_maera	up_right	32	32
npc_maera	right	32	32
npc_maera	down_right	32	32
npc_rafiq	down	32	32
npc_rafiq	down_left	32	32
npc_rafiq	left	32	32
npc_rafiq	up_left	32	32
npc_rafiq	up	32	32
npc_rafiq	up_right	32	32
npc_rafiq	right	32	32
npc_rafiq	down_right	32	32
npc_samir	down	32	32
npc_samir	down_left	32	32
npc_samir	left	32	32
npc_samir	up_left	32	32
npc_samir	up	32	32
npc_samir	up_right	32	32
npc_samir	right	32	32
npc_samir	down_right	32	32
npc_seraphine	down	32	32
npc_seraphine	down_left	32	32
npc_seraphine	left	32	32
npc_seraphine	up_left	32	32
npc_seraphine	up	32	32
npc_seraphine	up_right	32	32
npc_seraphine	right	32	32
npc_seraphine	down_right	32	32
npc_vesper	down	32	32
npc_vesper	down_left	32	32
npc_vesper	left	32	32
npc_vesper	up_left	32	32
npc_vesper	up	32	32
npc_vesper	up_right	32	32
npc_vesper	right	32	32
npc_vesper	down_right	32	32
npc_baker	down	32	32
npc_baker	down_left	32	32
npc_baker	left	32	32
npc_baker	up_left	32	32
npc_baker	up	32	32
npc_baker	up_right	32	32
npc_baker	right	32	32
npc_baker	down_right	32	32
npc_bartender	down	32	32
npc_bartender	down_left	32	32
npc_bartender	left	32	32
npc_bartender	up_left	32	32
npc_bartender	up	32	32
npc_bartender	up_right	32	32
npc_bartender	right	32	32
npc_bartender	down_right	32	32
npc_blacksmith	down	32	32
npc_blacksmith	down_left	32	32
npc_blacksmith	left	32	32
npc_blacksmith	up_left	32	32
npc_blacksmith	up	32	32
npc_blacksmith	up_right	32	32
npc_blacksmith	right	32	32
npc_blacksmith	down_right	32	32
npc_citizen_man	down	32	32
npc_citizen_man	down_left	32	32
npc_citizen_man	left	32	32
npc_citizen_man	up_left	32	32
npc_citizen_man	up	32	32
npc_citizen_man	up_right	32	32
npc_citizen_man	right	32	32
npc_citizen_man	down_right	32	32
npc_citizen_woman	down	32	32
npc_citizen_woman	down_left	32	32
npc_citizen_woman	left	32	32
npc_citizen_woman	up_left	32	32
npc_citizen_woman	up	32	32
npc_citizen_woman	up_right	32	32
npc_citizen_woman	right	32	32
npc_citizen_woman	down_right	32	32
npc_elowen	down	32	32
npc_elowen	down_left	32	32
npc_elowen	left	32	32
npc_elowen	up_left	32	32
npc_elowen	up	32	32
npc_elowen	up_right	32	32
npc_elowen	right	32	32
npc_elowen	down_right	32	32
npc_garruk	down	32	32
npc_garruk	down_left	32	32
npc_garruk	left	32	32
npc_garruk	up_left	32	32
npc_garruk	up	32	32
npc_garruk	up_right	32	32
npc_garruk	right	32	32
npc_garruk	down_right	32	32
npc_innkeeper	down	32	32
npc_innkeeper	down_left	32	32
npc_innkeeper	left	32	32
npc_innkeeper	up_left	32	32
npc_innkeeper	up	32	32
npc_innkeeper	up_right	32	32
npc_innkeeper	right	32	32
npc_innkeeper	down_right	32	32
npc_kael	down	32	32
npc_kael	down_left	32	32
npc_kael	left	32	32
npc_kael	up_left	32	32
npc_kael	up	32	32
npc_kael	up_right	32	32
npc_kael	right	32	32
npc_kael	down_right	32	32
npc_liora	down	32	32
npc_liora	down_left	32	32
npc_liora	left	32	32
npc_liora	up_left	32	32
npc_liora	up	32	32
npc_liora	up_right	32	32
npc_liora	right	32	32
npc_liora	down_right	32	32
npc_marla	down	32	32
npc_marla	down_left	32	32
npc_marla	left	32	32
npc_marla	up_left	32	32
npc_marla	up	32	32
npc_marla	up_right	32	32
npc_marla	right	32	32
npc_marla	down_right	32	32
npc_merchant	down	32	32
npc_merchant	down_left	32	32
npc_merchant	left	32	32
npc_merchant	up_left	32	32
npc_merchant	up	32	32
npc_merchant	up_right	32	32
npc_merchant	right	32	32
npc_merchant	down_right	32	32
npc_mira_sunwarden	down	32	32
npc_mira_sunwarden	down_left	32	32
npc_mira_sunwarden	left	32	32
npc_mira_sunwarden	up_left	32	32
npc_mira_sunwarden	up	32	32
npc_mira_sunwarden	up_right	32	32
npc_mira_sunwarden	right	32	32
npc_mira_sunwarden	down_right	32	32
npc_nyx	down	32	32
npc_nyx	down_left	32	32
npc_nyx	left	32	32
npc_nyx	up_left	32	32
npc_nyx	up	32	32
npc_nyx	up_right	32	32
npc_nyx	right	32	32
npc_nyx	down_right	32	32
npc_orin	down	32	32
npc_orin	down_left	32	32
npc_orin	left	32	32
npc_orin	up_left	32	32
npc_orin	up	32	32
npc_orin	up_right	32	32
npc_orin	right	32	32
npc_orin	down_right	32	32
npc_quartermaster	down	32	32
npc_quartermaster	down_left	32	32
npc_quartermaster	left	32	32
npc_quartermaster	up_left	32	32
npc_quartermaster	up	32	32
npc_quartermaster	up_right	32	32
npc_quartermaster	right	32	32
npc_quartermaster	down_right	32	32
npc_regional_desert_artisan_f	down	32	32
npc_regional_desert_artisan_f	down_left	32	32
npc_regional_desert_artisan_f	left	32	32
npc_regional_desert_artisan_f	up_left	32	32
npc_regional_desert_artisan_f	up	32	32
npc_regional_desert_artisan_f	up_right	32	32
npc_regional_desert_artisan_f	right	32	32
npc_regional_desert_artisan_f	down_right	32	32
npc_regional_desert_artisan_m	down	32	32
npc_regional_desert_artisan_m	down_left	32	32
npc_regional_desert_artisan_m	left	32	32
npc_regional_desert_artisan_m	up_left	32	32
npc_regional_desert_artisan_m	up	32	32
npc_regional_desert_artisan_m	up_right	32	32
npc_regional_desert_artisan_m	right	32	32
npc_regional_desert_artisan_m	down_right	32	32
npc_regional_desert_farmer_f	down	32	32
npc_regional_desert_farmer_f	down_left	32	32
npc_regional_desert_farmer_f	left	32	32
npc_regional_desert_farmer_f	up_left	32	32
npc_regional_desert_farmer_f	up	32	32
npc_regional_desert_farmer_f	up_right	32	32
npc_regional_desert_farmer_f	right	32	32
npc_regional_desert_farmer_f	down_right	32	32
npc_regional_desert_farmer_m	down	32	32
npc_regional_desert_farmer_m	down_left	32	32
npc_regional_desert_farmer_m	left	32	32
npc_regional_desert_farmer_m	up_left	32	32
npc_regional_desert_farmer_m	up	32	32
npc_regional_desert_farmer_m	up_right	32	32
npc_regional_desert_farmer_m	right	32	32
npc_regional_desert_farmer_m	down_right	32	32
npc_regional_desert_guard_f	down	32	32
npc_regional_desert_guard_f	down_left	32	32
npc_regional_desert_guard_f	left	32	32
npc_regional_desert_guard_f	up_left	32	32
npc_regional_desert_guard_f	up	32	32
npc_regional_desert_guard_f	up_right	32	32
npc_regional_desert_guard_f	right	32	32
npc_regional_desert_guard_f	down_right	32	32
npc_regional_desert_guard_m	down	32	32
npc_regional_desert_guard_m	down_left	32	32
npc_regional_desert_guard_m	left	32	32
npc_regional_desert_guard_m	up_left	32	32
npc_regional_desert_guard_m	up	32	32
npc_regional_desert_guard_m	up_right	32	32
npc_regional_desert_guard_m	right	32	32
npc_regional_desert_guard_m	down_right	32	32
npc_regional_desert_healer_f	down	32	32
npc_regional_desert_healer_f	down_left	32	32
npc_regional_desert_healer_f	left	32	32
npc_regional_desert_healer_f	up_left	32	32
npc_regional_desert_healer_f	up	32	32
npc_regional_desert_healer_f	up_right	32	32
npc_regional_desert_healer_f	right	32	32
npc_regional_desert_healer_f	down_right	32	32
npc_regional_desert_healer_m	down	32	32
npc_regional_desert_healer_m	down_left	32	32
npc_regional_desert_healer_m	left	32	32
npc_regional_desert_healer_m	up_left	32	32
npc_regional_desert_healer_m	up	32	32
npc_regional_desert_healer_m	up_right	32	32
npc_regional_desert_healer_m	right	32	32
npc_regional_desert_healer_m	down_right	32	32
npc_regional_desert_miner_f	down	32	32
npc_regional_desert_miner_f	down_left	32	32
npc_regional_desert_miner_f	left	32	32
npc_regional_desert_miner_f	up_left	32	32
npc_regional_desert_miner_f	up	32	32
npc_regional_desert_miner_f	up_right	32	32
npc_regional_desert_miner_f	right	32	32
npc_regional_desert_miner_f	down_right	32	32
npc_regional_desert_miner_m	down	32	32
npc_regional_desert_miner_m	down_left	32	32
npc_regional_desert_miner_m	left	32	32
npc_regional_desert_miner_m	up_left	32	32
npc_regional_desert_miner_m	up	32	32
npc_regional_desert_miner_m	up_right	32	32
npc_regional_desert_miner_m	right	32	32
npc_regional_desert_miner_m	down_right	32	32
npc_regional_desert_noble_f	down	32	32
npc_regional_desert_noble_f	down_left	32	32
npc_regional_desert_noble_f	left	32	32
npc_regional_desert_noble_f	up_left	32	32
npc_regional_desert_noble_f	up	32	32
npc_regional_desert_noble_f	up_right	32	32
npc_regional_desert_noble_f	right	32	32
npc_regional_desert_noble_f	down_right	32	32
npc_regional_desert_noble_m	down	32	32
npc_regional_desert_noble_m	down_left	32	32
npc_regional_desert_noble_m	left	32	32
npc_regional_desert_noble_m	up_left	32	32
npc_regional_desert_noble_m	up	32	32
npc_regional_desert_noble_m	up_right	32	32
npc_regional_desert_noble_m	right	32	32
npc_regional_desert_noble_m	down_right	32	32
npc_regional_desert_scholar_f	down	32	32
npc_regional_desert_scholar_f	down_left	32	32
npc_regional_desert_scholar_f	left	32	32
npc_regional_desert_scholar_f	up_left	32	32
npc_regional_desert_scholar_f	up	32	32
npc_regional_desert_scholar_f	up_right	32	32
npc_regional_desert_scholar_f	right	32	32
npc_regional_desert_scholar_f	down_right	32	32
npc_regional_desert_scholar_m	down	32	32
npc_regional_desert_scholar_m	down_left	32	32
npc_regional_desert_scholar_m	left	32	32
npc_regional_desert_scholar_m	up_left	32	32
npc_regional_desert_scholar_m	up	32	32
npc_regional_desert_scholar_m	up_right	32	32
npc_regional_desert_scholar_m	right	32	32
npc_regional_desert_scholar_m	down_right	32	32
npc_regional_desert_trader_f	down	32	32
npc_regional_desert_trader_f	down_left	32	32
npc_regional_desert_trader_f	left	32	32
npc_regional_desert_trader_f	up_left	32	32
npc_regional_desert_trader_f	up	32	32
npc_regional_desert_trader_f	up_right	32	32
npc_regional_desert_trader_f	right	32	32
npc_regional_desert_trader_f	down_right	32	32
npc_regional_desert_trader_m	down	32	32
npc_regional_desert_trader_m	down_left	32	32
npc_regional_desert_trader_m	left	32	32
npc_regional_desert_trader_m	up_left	32	32
npc_regional_desert_trader_m	up	32	32
npc_regional_desert_trader_m	up_right	32	32
npc_regional_desert_trader_m	right	32	32
npc_regional_desert_trader_m	down_right	32	32
npc_regional_highland_artisan_f	down	32	32
npc_regional_highland_artisan_f	down_left	32	32
npc_regional_highland_artisan_f	left	32	32
npc_regional_highland_artisan_f	up_left	32	32
npc_regional_highland_artisan_f	up	32	32
npc_regional_highland_artisan_f	up_right	32	32
npc_regional_highland_artisan_f	right	32	32
npc_regional_highland_artisan_f	down_right	32	32
npc_regional_highland_artisan_m	down	32	32
npc_regional_highland_artisan_m	down_left	32	32
npc_regional_highland_artisan_m	left	32	32
npc_regional_highland_artisan_m	up_left	32	32
npc_regional_highland_artisan_m	up	32	32
npc_regional_highland_artisan_m	up_right	32	32
npc_regional_highland_artisan_m	right	32	32
npc_regional_highland_artisan_m	down_right	32	32
npc_regional_highland_farmer_f	down	32	32
npc_regional_highland_farmer_f	down_left	32	32
npc_regional_highland_farmer_f	left	32	32
npc_regional_highland_farmer_f	up_left	32	32
npc_regional_highland_farmer_f	up	32	32
npc_regional_highland_farmer_f	up_right	32	32
npc_regional_highland_farmer_f	right	32	32
npc_regional_highland_farmer_f	down_right	32	32
npc_regional_highland_farmer_m	down	32	32
npc_regional_highland_farmer_m	down_left	32	32
npc_regional_highland_farmer_m	left	32	32
npc_regional_highland_farmer_m	up_left	32	32
npc_regional_highland_farmer_m	up	32	32
npc_regional_highland_farmer_m	up_right	32	32
npc_regional_highland_farmer_m	right	32	32
npc_regional_highland_farmer_m	down_right	32	32
npc_regional_highland_guard_f	down	32	32
npc_regional_highland_guard_f	down_left	32	32
npc_regional_highland_guard_f	left	32	32
npc_regional_highland_guard_f	up_left	32	32
npc_regional_highland_guard_f	up	32	32
npc_regional_highland_guard_f	up_right	32	32
npc_regional_highland_guard_f	right	32	32
npc_regional_highland_guard_f	down_right	32	32
npc_regional_highland_guard_m	down	32	32
npc_regional_highland_guard_m	down_left	32	32
npc_regional_highland_guard_m	left	32	32
npc_regional_highland_guard_m	up_left	32	32
npc_regional_highland_guard_m	up	32	32
npc_regional_highland_guard_m	up_right	32	32
npc_regional_highland_guard_m	right	32	32
npc_regional_highland_guard_m	down_right	32	32
npc_regional_highland_healer_f	down	32	32
npc_regional_highland_healer_f	down_left	32	32
npc_regional_highland_healer_f	left	32	32
npc_regional_highland_healer_f	up_left	32	32
npc_regional_highland_healer_f	up	32	32
npc_regional_highland_healer_f	up_right	32	32
npc_regional_highland_healer_f	right	32	32
npc_regional_highland_healer_f	down_right	32	32
npc_regional_highland_healer_m	down	32	32
npc_regional_highland_healer_m	down_left	32	32
npc_regional_highland_healer_m	left	32	32
npc_regional_highland_healer_m	up_left	32	32
npc_regional_highland_healer_m	up	32	32
npc_regional_highland_healer_m	up_right	32	32
npc_regional_highland_healer_m	right	32	32
npc_regional_highland_healer_m	down_right	32	32
npc_regional_highland_miner_f	down	32	32
npc_regional_highland_miner_f	down_left	32	32
npc_regional_highland_miner_f	left	32	32
npc_regional_highland_miner_f	up_left	32	32
npc_regional_highland_miner_f	up	32	32
npc_regional_highland_miner_f	up_right	32	32
npc_regional_highland_miner_f	right	32	32
npc_regional_highland_miner_f	down_right	32	32
npc_regional_highland_miner_m	down	32	32
npc_regional_highland_miner_m	down_left	32	32
npc_regional_highland_miner_m	left	32	32
npc_regional_highland_miner_m	up_left	32	32
npc_regional_highland_miner_m	up	32	32
npc_regional_highland_miner_m	up_right	32	32
npc_regional_highland_miner_m	right	32	32
npc_regional_highland_miner_m	down_right	32	32
npc_regional_highland_noble_f	down	32	32
npc_regional_highland_noble_f	down_left	32	32
npc_regional_highland_noble_f	left	32	32
npc_regional_highland_noble_f	up_left	32	32
npc_regional_highland_noble_f	up	32	32
npc_regional_highland_noble_f	up_right	32	32
npc_regional_highland_noble_f	right	32	32
npc_regional_highland_noble_f	down_right	32	32
npc_regional_highland_noble_m	down	32	32
npc_regional_highland_noble_m	down_left	32	32
npc_regional_highland_noble_m	left	32	32
npc_regional_highland_noble_m	up_left	32	32
npc_regional_highland_noble_m	up	32	32
npc_regional_highland_noble_m	up_right	32	32
npc_regional_highland_noble_m	right	32	32
npc_regional_highland_noble_m	down_right	32	32
npc_regional_highland_scholar_f	down	32	32
npc_regional_highland_scholar_f	down_left	32	32
npc_regional_highland_scholar_f	left	32	32
npc_regional_highland_scholar_f	up_left	32	32
npc_regional_highland_scholar_f	up	32	32
npc_regional_highland_scholar_f	up_right	32	32
npc_regional_highland_scholar_f	right	32	32
npc_regional_highland_scholar_f	down_right	32	32
npc_regional_highland_scholar_m	down	32	32
npc_regional_highland_scholar_m	down_left	32	32
npc_regional_highland_scholar_m	left	32	32
npc_regional_highland_scholar_m	up_left	32	32
npc_regional_highland_scholar_m	up	32	32
npc_regional_highland_scholar_m	up_right	32	32
npc_regional_highland_scholar_m	right	32	32
npc_regional_highland_scholar_m	down_right	32	32
npc_regional_highland_trader_f	down	32	32
npc_regional_highland_trader_f	down_left	32	32
npc_regional_highland_trader_f	left	32	32
npc_regional_highland_trader_f	up_left	32	32
npc_regional_highland_trader_f	up	32	32
npc_regional_highland_trader_f	up_right	32	32
npc_regional_highland_trader_f	right	32	32
npc_regional_highland_trader_f	down_right	32	32
npc_regional_highland_trader_m	down	32	32
npc_regional_highland_trader_m	down_left	32	32
npc_regional_highland_trader_m	left	32	32
npc_regional_highland_trader_m	up_left	32	32
npc_regional_highland_trader_m	up	32	32
npc_regional_highland_trader_m	up_right	32	32
npc_regional_highland_trader_m	right	32	32
npc_regional_highland_trader_m	down_right	32	32
npc_regional_marsh_artisan_f	down	32	32
npc_regional_marsh_artisan_f	down_left	32	32
npc_regional_marsh_artisan_f	left	32	32
npc_regional_marsh_artisan_f	up_left	32	32
npc_regional_marsh_artisan_f	up	32	32
npc_regional_marsh_artisan_f	up_right	32	32
npc_regional_marsh_artisan_f	right	32	32
npc_regional_marsh_artisan_f	down_right	32	32
npc_regional_marsh_artisan_m	down	32	32
npc_regional_marsh_artisan_m	down_left	32	32
npc_regional_marsh_artisan_m	left	32	32
npc_regional_marsh_artisan_m	up_left	32	32
npc_regional_marsh_artisan_m	up	32	32
npc_regional_marsh_artisan_m	up_right	32	32
npc_regional_marsh_artisan_m	right	32	32
npc_regional_marsh_artisan_m	down_right	32	32
npc_regional_marsh_farmer_f	down	32	32
npc_regional_marsh_farmer_f	down_left	32	32
npc_regional_marsh_farmer_f	left	32	32
npc_regional_marsh_farmer_f	up_left	32	32
npc_regional_marsh_farmer_f	up	32	32
npc_regional_marsh_farmer_f	up_right	32	32
npc_regional_marsh_farmer_f	right	32	32
npc_regional_marsh_farmer_f	down_right	32	32
npc_regional_marsh_farmer_m	down	32	32
npc_regional_marsh_farmer_m	down_left	32	32
npc_regional_marsh_farmer_m	left	32	32
npc_regional_marsh_farmer_m	up_left	32	32
npc_regional_marsh_farmer_m	up	32	32
npc_regional_marsh_farmer_m	up_right	32	32
npc_regional_marsh_farmer_m	right	32	32
npc_regional_marsh_farmer_m	down_right	32	32
npc_regional_marsh_guard_f	down	32	32
npc_regional_marsh_guard_f	down_left	32	32
npc_regional_marsh_guard_f	left	32	32
npc_regional_marsh_guard_f	up_left	32	32
npc_regional_marsh_guard_f	up	32	32
npc_regional_marsh_guard_f	up_right	32	32
npc_regional_marsh_guard_f	right	32	32
npc_regional_marsh_guard_f	down_right	32	32
npc_regional_marsh_guard_m	down	32	32
npc_regional_marsh_guard_m	down_left	32	32
npc_regional_marsh_guard_m	left	32	32
npc_regional_marsh_guard_m	up_left	32	32
npc_regional_marsh_guard_m	up	32	32
npc_regional_marsh_guard_m	up_right	32	32
npc_regional_marsh_guard_m	right	32	32
npc_regional_marsh_guard_m	down_right	32	32
npc_regional_marsh_healer_f	down	32	32
npc_regional_marsh_healer_f	down_left	32	32
npc_regional_marsh_healer_f	left	32	32
npc_regional_marsh_healer_f	up_left	32	32
npc_regional_marsh_healer_f	up	32	32
npc_regional_marsh_healer_f	up_right	32	32
npc_regional_marsh_healer_f	right	32	32
npc_regional_marsh_healer_f	down_right	32	32
npc_regional_marsh_healer_m	down	32	32
npc_regional_marsh_healer_m	down_left	32	32
npc_regional_marsh_healer_m	left	32	32
npc_regional_marsh_healer_m	up_left	32	32
npc_regional_marsh_healer_m	up	32	32
npc_regional_marsh_healer_m	up_right	32	32
npc_regional_marsh_healer_m	right	32	32
npc_regional_marsh_healer_m	down_right	32	32
npc_regional_marsh_miner_f	down	32	32
npc_regional_marsh_miner_f	down_left	32	32
npc_regional_marsh_miner_f	left	32	32
npc_regional_marsh_miner_f	up_left	32	32
npc_regional_marsh_miner_f	up	32	32
npc_regional_marsh_miner_f	up_right	32	32
npc_regional_marsh_miner_f	right	32	32
npc_regional_marsh_miner_f	down_right	32	32
npc_regional_marsh_miner_m	down	32	32
npc_regional_marsh_miner_m	down_left	32	32
npc_regional_marsh_miner_m	left	32	32
npc_regional_marsh_miner_m	up_left	32	32
npc_regional_marsh_miner_m	up	32	32
npc_regional_marsh_miner_m	up_right	32	32
npc_regional_marsh_miner_m	right	32	32
npc_regional_marsh_miner_m	down_right	32	32
npc_regional_marsh_noble_f	down	32	32
npc_regional_marsh_noble_f	down_left	32	32
npc_regional_marsh_noble_f	left	32	32
npc_regional_marsh_noble_f	up_left	32	32
npc_regional_marsh_noble_f	up	32	32
npc_regional_marsh_noble_f	up_right	32	32
npc_regional_marsh_noble_f	right	32	32
npc_regional_marsh_noble_f	down_right	32	32
npc_regional_marsh_noble_m	down	32	32
npc_regional_marsh_noble_m	down_left	32	32
npc_regional_marsh_noble_m	left	32	32
npc_regional_marsh_noble_m	up_left	32	32
npc_regional_marsh_noble_m	up	32	32
npc_regional_marsh_noble_m	up_right	32	32
npc_regional_marsh_noble_m	right	32	32
npc_regional_marsh_noble_m	down_right	32	32
npc_regional_marsh_scholar_f	down	32	32
npc_regional_marsh_scholar_f	down_left	32	32
npc_regional_marsh_scholar_f	left	32	32
npc_regional_marsh_scholar_f	up_left	32	32
npc_regional_marsh_scholar_f	up	32	32
npc_regional_marsh_scholar_f	up_right	32	32
npc_regional_marsh_scholar_f	right	32	32
npc_regional_marsh_scholar_f	down_right	32	32
npc_regional_marsh_scholar_m	down	32	32
npc_regional_marsh_scholar_m	down_left	32	32
npc_regional_marsh_scholar_m	left	32	32
npc_regional_marsh_scholar_m	up_left	32	32
npc_regional_marsh_scholar_m	up	32	32
npc_regional_marsh_scholar_m	up_right	32	32
npc_regional_marsh_scholar_m	right	32	32
npc_regional_marsh_scholar_m	down_right	32	32
npc_regional_marsh_trader_f	down	32	32
npc_regional_marsh_trader_f	down_left	32	32
npc_regional_marsh_trader_f	left	32	32
npc_regional_marsh_trader_f	up_left	32	32
npc_regional_marsh_trader_f	up	32	32
npc_regional_marsh_trader_f	up_right	32	32
npc_regional_marsh_trader_f	right	32	32
npc_regional_marsh_trader_f	down_right	32	32
npc_regional_marsh_trader_m	down	32	32
npc_regional_marsh_trader_m	down_left	32	32
npc_regional_marsh_trader_m	left	32	32
npc_regional_marsh_trader_m	up_left	32	32
npc_regional_marsh_trader_m	up	32	32
npc_regional_marsh_trader_m	up_right	32	32
npc_regional_marsh_trader_m	right	32	32
npc_regional_marsh_trader_m	down_right	32	32
npc_regional_north_artisan_f	down	32	32
npc_regional_north_artisan_f	down_left	32	32
npc_regional_north_artisan_f	left	32	32
npc_regional_north_artisan_f	up_left	32	32
npc_regional_north_artisan_f	up	32	32
npc_regional_north_artisan_f	up_right	32	32
npc_regional_north_artisan_f	right	32	32
npc_regional_north_artisan_f	down_right	32	32
npc_regional_north_artisan_m	down	32	32
npc_regional_north_artisan_m	down_left	32	32
npc_regional_north_artisan_m	left	32	32
npc_regional_north_artisan_m	up_left	32	32
npc_regional_north_artisan_m	up	32	32
npc_regional_north_artisan_m	up_right	32	32
npc_regional_north_artisan_m	right	32	32
npc_regional_north_artisan_m	down_right	32	32
npc_regional_north_farmer_f	down	32	32
npc_regional_north_farmer_f	down_left	32	32
npc_regional_north_farmer_f	left	32	32
npc_regional_north_farmer_f	up_left	32	32
npc_regional_north_farmer_f	up	32	32
npc_regional_north_farmer_f	up_right	32	32
npc_regional_north_farmer_f	right	32	32
npc_regional_north_farmer_f	down_right	32	32
npc_regional_north_farmer_m	down	32	32
npc_regional_north_farmer_m	down_left	32	32
npc_regional_north_farmer_m	left	32	32
npc_regional_north_farmer_m	up_left	32	32
npc_regional_north_farmer_m	up	32	32
npc_regional_north_farmer_m	up_right	32	32
npc_regional_north_farmer_m	right	32	32
npc_regional_north_farmer_m	down_right	32	32
npc_regional_north_guard_f	down	32	32
npc_regional_north_guard_f	down_left	32	32
npc_regional_north_guard_f	left	32	32
npc_regional_north_guard_f	up_left	32	32
npc_regional_north_guard_f	up	32	32
npc_regional_north_guard_f	up_right	32	32
npc_regional_north_guard_f	right	32	32
npc_regional_north_guard_f	down_right	32	32
npc_regional_north_guard_m	down	32	32
npc_regional_north_guard_m	down_left	32	32
npc_regional_north_guard_m	left	32	32
npc_regional_north_guard_m	up_left	32	32
npc_regional_north_guard_m	up	32	32
npc_regional_north_guard_m	up_right	32	32
npc_regional_north_guard_m	right	32	32
npc_regional_north_guard_m	down_right	32	32
npc_regional_north_healer_f	down	32	32
npc_regional_north_healer_f	down_left	32	32
npc_regional_north_healer_f	left	32	32
npc_regional_north_healer_f	up_left	32	32
npc_regional_north_healer_f	up	32	32
npc_regional_north_healer_f	up_right	32	32
npc_regional_north_healer_f	right	32	32
npc_regional_north_healer_f	down_right	32	32
npc_regional_north_healer_m	down	32	32
npc_regional_north_healer_m	down_left	32	32
npc_regional_north_healer_m	left	32	32
npc_regional_north_healer_m	up_left	32	32
npc_regional_north_healer_m	up	32	32
npc_regional_north_healer_m	up_right	32	32
npc_regional_north_healer_m	right	32	32
npc_regional_north_healer_m	down_right	32	32
npc_regional_north_miner_f	down	32	32
npc_regional_north_miner_f	down_left	32	32
npc_regional_north_miner_f	left	32	32
npc_regional_north_miner_f	up_left	32	32
npc_regional_north_miner_f	up	32	32
npc_regional_north_miner_f	up_right	32	32
npc_regional_north_miner_f	right	32	32
npc_regional_north_miner_f	down_right	32	32
npc_regional_north_miner_m	down	32	32
npc_regional_north_miner_m	down_left	32	32
npc_regional_north_miner_m	left	32	32
npc_regional_north_miner_m	up_left	32	32
npc_regional_north_miner_m	up	32	32
npc_regional_north_miner_m	up_right	32	32
npc_regional_north_miner_m	right	32	32
npc_regional_north_miner_m	down_right	32	32
npc_regional_north_noble_f	down	32	32
npc_regional_north_noble_f	down_left	32	32
npc_regional_north_noble_f	left	32	32
npc_regional_north_noble_f	up_left	32	32
npc_regional_north_noble_f	up	32	32
npc_regional_north_noble_f	up_right	32	32
npc_regional_north_noble_f	right	32	32
npc_regional_north_noble_f	down_right	32	32
npc_regional_north_noble_m	down	32	32
npc_regional_north_noble_m	down_left	32	32
npc_regional_north_noble_m	left	32	32
npc_regional_north_noble_m	up_left	32	32
npc_regional_north_noble_m	up	32	32
npc_regional_north_noble_m	up_right	32	32
npc_regional_north_noble_m	right	32	32
npc_regional_north_noble_m	down_right	32	32
npc_regional_north_scholar_f	down	32	32
npc_regional_north_scholar_f	down_left	32	32
npc_regional_north_scholar_f	left	32	32
npc_regional_north_scholar_f	up_left	32	32
npc_regional_north_scholar_f	up	32	32
npc_regional_north_scholar_f	up_right	32	32
npc_regional_north_scholar_f	right	32	32
npc_regional_north_scholar_f	down_right	32	32
npc_regional_north_scholar_m	down	32	32
npc_regional_north_scholar_m	down_left	32	32
npc_regional_north_scholar_m	left	32	32
npc_regional_north_scholar_m	up_left	32	32
npc_regional_north_scholar_m	up	32	32
npc_regional_north_scholar_m	up_right	32	32
npc_regional_north_scholar_m	right	32	32
npc_regional_north_scholar_m	down_right	32	32
npc_regional_north_trader_f	down	32	32
npc_regional_north_trader_f	down_left	32	32
npc_regional_north_trader_f	left	32	32
npc_regional_north_trader_f	up_left	32	32
npc_regional_north_trader_f	up	32	32
npc_regional_north_trader_f	up_right	32	32
npc_regional_north_trader_f	right	32	32
npc_regional_north_trader_f	down_right	32	32
npc_regional_north_trader_m	down	32	32
npc_regional_north_trader_m	down_left	32	32
npc_regional_north_trader_m	left	32	32
npc_regional_north_trader_m	up_left	32	32
npc_regional_north_trader_m	up	32	32
npc_regional_north_trader_m	up_right	32	32
npc_regional_north_trader_m	right	32	32
npc_regional_north_trader_m	down_right	32	32
npc_regional_temperate_artisan_f	down	32	32
npc_regional_temperate_artisan_f	down_left	32	32
npc_regional_temperate_artisan_f	left	32	32
npc_regional_temperate_artisan_f	up_left	32	32
npc_regional_temperate_artisan_f	up	32	32
npc_regional_temperate_artisan_f	up_right	32	32
npc_regional_temperate_artisan_f	right	32	32
npc_regional_temperate_artisan_f	down_right	32	32
npc_regional_temperate_artisan_m	down	32	32
npc_regional_temperate_artisan_m	down_left	32	32
npc_regional_temperate_artisan_m	left	32	32
npc_regional_temperate_artisan_m	up_left	32	32
npc_regional_temperate_artisan_m	up	32	32
npc_regional_temperate_artisan_m	up_right	32	32
npc_regional_temperate_artisan_m	right	32	32
npc_regional_temperate_artisan_m	down_right	32	32
npc_regional_temperate_farmer_f	down	32	32
npc_regional_temperate_farmer_f	down_left	32	32
npc_regional_temperate_farmer_f	left	32	32
npc_regional_temperate_farmer_f	up_left	32	32
npc_regional_temperate_farmer_f	up	32	32
npc_regional_temperate_farmer_f	up_right	32	32
npc_regional_temperate_farmer_f	right	32	32
npc_regional_temperate_farmer_f	down_right	32	32
npc_regional_temperate_farmer_m	down	32	32
npc_regional_temperate_farmer_m	down_left	32	32
npc_regional_temperate_farmer_m	left	32	32
npc_regional_temperate_farmer_m	up_left	32	32
npc_regional_temperate_farmer_m	up	32	32
npc_regional_temperate_farmer_m	up_right	32	32
npc_regional_temperate_farmer_m	right	32	32
npc_regional_temperate_farmer_m	down_right	32	32
npc_regional_temperate_guard_f	down	32	32
npc_regional_temperate_guard_f	down_left	32	32
npc_regional_temperate_guard_f	left	32	32
npc_regional_temperate_guard_f	up_left	32	32
npc_regional_temperate_guard_f	up	32	32
npc_regional_temperate_guard_f	up_right	32	32
npc_regional_temperate_guard_f	right	32	32
npc_regional_temperate_guard_f	down_right	32	32
npc_regional_temperate_guard_m	down	32	32
npc_regional_temperate_guard_m	down_left	32	32
npc_regional_temperate_guard_m	left	32	32
npc_regional_temperate_guard_m	up_left	32	32
npc_regional_temperate_guard_m	up	32	32
npc_regional_temperate_guard_m	up_right	32	32
npc_regional_temperate_guard_m	right	32	32
npc_regional_temperate_guard_m	down_right	32	32
npc_regional_temperate_healer_f	down	32	32
npc_regional_temperate_healer_f	down_left	32	32
npc_regional_temperate_healer_f	left	32	32
npc_regional_temperate_healer_f	up_left	32	32
npc_regional_temperate_healer_f	up	32	32
npc_regional_temperate_healer_f	up_right	32	32
npc_regional_temperate_healer_f	right	32	32
npc_regional_temperate_healer_f	down_right	32	32
npc_regional_temperate_healer_m	down	32	32
npc_regional_temperate_healer_m	down_left	32	32
npc_regional_temperate_healer_m	left	32	32
npc_regional_temperate_healer_m	up_left	32	32
npc_regional_temperate_healer_m	up	32	32
npc_regional_temperate_healer_m	up_right	32	32
npc_regional_temperate_healer_m	right	32	32
npc_regional_temperate_healer_m	down_right	32	32
npc_regional_temperate_miner_f	down	32	32
npc_regional_temperate_miner_f	down_left	32	32
npc_regional_temperate_miner_f	left	32	32
npc_regional_temperate_miner_f	up_left	32	32
npc_regional_temperate_miner_f	up	32	32
npc_regional_temperate_miner_f	up_right	32	32
npc_regional_temperate_miner_f	right	32	32
npc_regional_temperate_miner_f	down_right	32	32
npc_regional_temperate_miner_m	down	32	32
npc_regional_temperate_miner_m	down_left	32	32
npc_regional_temperate_miner_m	left	32	32
npc_regional_temperate_miner_m	up_left	32	32
npc_regional_temperate_miner_m	up	32	32
npc_regional_temperate_miner_m	up_right	32	32
npc_regional_temperate_miner_m	right	32	32
npc_regional_temperate_miner_m	down_right	32	32
npc_regional_temperate_noble_f	down	32	32
npc_regional_temperate_noble_f	down_left	32	32
npc_regional_temperate_noble_f	left	32	32
npc_regional_temperate_noble_f	up_left	32	32
npc_regional_temperate_noble_f	up	32	32
npc_regional_temperate_noble_f	up_right	32	32
npc_regional_temperate_noble_f	right	32	32
npc_regional_temperate_noble_f	down_right	32	32
npc_regional_temperate_noble_m	down	32	32
npc_regional_temperate_noble_m	down_left	32	32
npc_regional_temperate_noble_m	left	32	32
npc_regional_temperate_noble_m	up_left	32	32
npc_regional_temperate_noble_m	up	32	32
npc_regional_temperate_noble_m	up_right	32	32
npc_regional_temperate_noble_m	right	32	32
npc_regional_temperate_noble_m	down_right	32	32
npc_regional_temperate_scholar_f	down	32	32
npc_regional_temperate_scholar_f	down_left	32	32
npc_regional_temperate_scholar_f	left	32	32
npc_regional_temperate_scholar_f	up_left	32	32
npc_regional_temperate_scholar_f	up	32	32
npc_regional_temperate_scholar_f	up_right	32	32
npc_regional_temperate_scholar_f	right	32	32
npc_regional_temperate_scholar_f	down_right	32	32
npc_regional_temperate_scholar_m	down	32	32
npc_regional_temperate_scholar_m	down_left	32	32
npc_regional_temperate_scholar_m	left	32	32
npc_regional_temperate_scholar_m	up_left	32	32
npc_regional_temperate_scholar_m	up	32	32
npc_regional_temperate_scholar_m	up_right	32	32
npc_regional_temperate_scholar_m	right	32	32
npc_regional_temperate_scholar_m	down_right	32	32
npc_regional_temperate_trader_f	down	32	32
npc_regional_temperate_trader_f	down_left	32	32
npc_regional_temperate_trader_f	left	32	32
npc_regional_temperate_trader_f	up_left	32	32
npc_regional_temperate_trader_f	up	32	32
npc_regional_temperate_trader_f	up_right	32	32
npc_regional_temperate_trader_f	right	32	32
npc_regional_temperate_trader_f	down_right	32	32
npc_regional_temperate_trader_m	down	32	32
npc_regional_temperate_trader_m	down_left	32	32
npc_regional_temperate_trader_m	left	32	32
npc_regional_temperate_trader_m	up_left	32	32
npc_regional_temperate_trader_m	up	32	32
npc_regional_temperate_trader_m	up_right	32	32
npc_regional_temperate_trader_m	right	32	32
npc_regional_temperate_trader_m	down_right	32	32
npc_ren	down	32	32
npc_ren	down_left	32	32
npc_ren	left	32	32
npc_ren	up_left	32	32
npc_ren	up	32	32
npc_ren	up_right	32	32
npc_ren	right	32	32
npc_ren	down_right	32	32
npc_rowan	down	32	32
npc_rowan	down_left	32	32
npc_rowan	left	32	32
npc_rowan	up_left	32	32
npc_rowan	up	32	32
npc_rowan	up_right	32	32
npc_rowan	right	32	32
npc_rowan	down_right	32	32
npc_sable	down	32	32
npc_sable	down_left	32	32
npc_sable	left	32	32
npc_sable	up_left	32	32
npc_sable	up	32	32
npc_sable	up_right	32	32
npc_sable	right	32	32
npc_sable	down_right	32	32
npc_story_ash_scribe_damar	down	32	32
npc_story_ash_scribe_damar	down_left	32	32
npc_story_ash_scribe_damar	left	32	32
npc_story_ash_scribe_damar	up_left	32	32
npc_story_ash_scribe_damar	up	32	32
npc_story_ash_scribe_damar	up_right	32	32
npc_story_ash_scribe_damar	right	32	32
npc_story_ash_scribe_damar	down_right	32	32
npc_story_bellwright_nessa	down	32	32
npc_story_bellwright_nessa	down_left	32	32
npc_story_bellwright_nessa	left	32	32
npc_story_bellwright_nessa	up_left	32	32
npc_story_bellwright_nessa	up	32	32
npc_story_bellwright_nessa	up_right	32	32
npc_story_bellwright_nessa	right	32	32
npc_story_bellwright_nessa	down_right	32	32
npc_story_captain_elric_snowrest	down	32	32
npc_story_captain_elric_snowrest	down_left	32	32
npc_story_captain_elric_snowrest	left	32	32
npc_story_captain_elric_snowrest	up_left	32	32
npc_story_captain_elric_snowrest	up	32	32
npc_story_captain_elric_snowrest	up_right	32	32
npc_story_captain_elric_snowrest	right	32	32
npc_story_captain_elric_snowrest	down_right	32	32
npc_story_elder_rowan	down	32	32
npc_story_elder_rowan	down_left	32	32
npc_story_elder_rowan	left	32	32
npc_story_elder_rowan	up_left	32	32
npc_story_elder_rowan	up	32	32
npc_story_elder_rowan	up_right	32	32
npc_story_elder_rowan	right	32	32
npc_story_elder_rowan	down_right	32	32
npc_story_gravekeeper_hollis	down	32	32
npc_story_gravekeeper_hollis	down_left	32	32
npc_story_gravekeeper_hollis	left	32	32
npc_story_gravekeeper_hollis	up_left	32	32
npc_story_gravekeeper_hollis	up	32	32
npc_story_gravekeeper_hollis	up_right	32	32
npc_story_gravekeeper_hollis	right	32	32
npc_story_gravekeeper_hollis	down_right	32	32
npc_story_maelis	down	32	32
npc_story_maelis	down_left	32	32
npc_story_maelis	left	32	32
npc_story_maelis	up_left	32	32
npc_story_maelis	up	32	32
npc_story_maelis	up_right	32	32
npc_story_maelis	right	32	32
npc_story_maelis	down_right	32	32
npc_story_mirella	down	32	32
npc_story_mirella	down_left	32	32
npc_story_mirella	left	32	32
npc_story_mirella	up_left	32	32
npc_story_mirella	up	32	32
npc_story_mirella	up_right	32	32
npc_story_mirella	right	32	32
npc_story_mirella	down_right	32	32
npc_story_odrick	down	32	32
npc_story_odrick	down_left	32	32
npc_story_odrick	left	32	32
npc_story_odrick	up_left	32	32
npc_story_odrick	up	32	32
npc_story_odrick	up_right	32	32
npc_story_odrick	right	32	32
npc_story_odrick	down_right	32	32
npc_story_selene	down	32	32
npc_story_selene	down_left	32	32
npc_story_selene	left	32	32
npc_story_selene	up_left	32	32
npc_story_selene	up	32	32
npc_story_selene	up_right	32	32
npc_story_selene	right	32	32
npc_story_selene	down_right	32	32
npc_story_solari	down	32	32
npc_story_solari	down_left	32	32
npc_story_solari	left	32	32
npc_story_solari	up_left	32	32
npc_story_solari	up	32	32
npc_story_solari	up_right	32	32
npc_story_solari	right	32	32
npc_story_solari	down_right	32	32
npc_story_vaelthara	down	32	32
npc_story_vaelthara	down_left	32	32
npc_story_vaelthara	left	32	32
npc_story_vaelthara	up_left	32	32
npc_story_vaelthara	up	32	32
npc_story_vaelthara	up_right	32	32
npc_story_vaelthara	right	32	32
npc_story_vaelthara	down_right	32	32
npc_story_ysra	down	32	32
npc_story_ysra	down_left	32	32
npc_story_ysra	left	32	32
npc_story_ysra	up_left	32	32
npc_story_ysra	up	32	32
npc_story_ysra	up_right	32	32
npc_story_ysra	right	32	32
npc_story_ysra	down_right	32	32
npc_torin	down	32	32
npc_torin	down_left	32	32
npc_torin	left	32	32
npc_torin	up_left	32	32
npc_torin	up	32	32
npc_torin	up_right	32	32
npc_torin	right	32	32
npc_torin	down_right	32	32
npc_vexa	down	32	32
npc_vexa	down_left	32	32
npc_vexa	left	32	32
npc_vexa	up_left	32	32
npc_vexa	up	32	32
npc_vexa	up_right	32	32
npc_vexa	right	32	32
npc_vexa	down_right	32	32
